Category Name,Category Slug,Question,Answer
Personalisierte Fanschals,personalisierte-fanschals,Wie werden personalisierte Fanschals hergestellt?,"Unsere Fanschals werden in hochwertiger Jacquard-Webtechnik hergestellt, wobei das Design direkt in den Stoff eingewebt wird."
Personalisierte Fanschals,personalisierte-fanschals,Welche Größen sind für Fanschals verfügbar?,"Standardgröße ist 140x17 cm. Wir bieten auch andere Größen an, darunter Maxi-Schals und Kinderschals."
Personalisierte Fanschals,personalisierte-fanschals,Wie viele Farben können in einem Fanschal verwendet werden?,Bei Jacquard-Schals können bis zu 7 Farben verwendet werden. Für mehrfarbige Designs empfehlen wir Sublimationsdruck.
Personalisierte Fanschals,personalisierte-fanschals,Was ist die Mindestbestellmenge für Fanschals?,Die Mindestbestellmenge beträgt 50 Stück für Jacquard-Schals. Für kleinere Mengen bieten wir bedruckte Alternativen.
Bälle,balle,Können Sportbälle personalisiert werden?,"Ja, wir personalisieren Fußbälle, Basketbälle, Volleybälle und andere Sportbälle mit Logos und Designs."
Bälle,balle,Wie werden Bälle bedruckt?,"Bälle werden mit haltbarem Siebdruck oder Tampondruck versehen, der spieltauglich und witterungsbeständig ist."
Bälle,balle,Eignen sich bedruckte Bälle für den Spielbetrieb?,"Ja, wir bieten sowohl Spielbälle als auch Trainings- und Präsentationsbälle zur Personalisierung."
Bälle,balle,Welche Mindestmenge gilt für personalisierte Bälle?,Die Mindestbestellmenge für personalisierte Bälle beginnt bei 10-20 Stück je nach Ballart.
Basketball,basketball,Welche Basketball-Merchandise-Produkte bieten Sie an?,"Wir bieten eine breite Palette an Basketball-Merchandise an, darunter personalisierte Trikots, Trainingsanzüge, Handtücher, Taschen und Fan-Accessoires."
Basketball,basketball,Können Basketballtrikots mit Spielernummern bedruckt werden?,"Ja, alle unsere Basketballtrikots können mit individuellen Spielernummern, Namen und Vereinslogos personalisiert werden."
Basketball,basketball,Welche Materialien werden für Basketball-Bekleidung verwendet?,"Wir verwenden hochwertige, atmungsaktive Materialien wie Polyester und Mesh, die für optimale Leistung und Komfort beim Sport entwickelt wurden."
Basketball,basketball,Bieten Sie auch Basketball-Zubehör für Teams an?,"Ja, wir bieten komplette Team-Ausstattungen inklusive Bälle, Trainingsausrüstung und Fanartikel für Basketball-Vereine und -Teams."
Business,business,Welche Business-Merchandise-Produkte bieten Sie an?,"Unser Business-Sortiment umfasst Corporate-Kleidung, Messebedarf, Kundengeschenke und Büroartikel."
Business,business,Können Firmenlogos auf allen Produkten gedruckt werden?,"Ja, wir personalisieren alle Business-Artikel mit Ihrem Firmenlogo nach Corporate-Design-Richtlinien."
Business,business,Bieten Sie Musterexemplare an?,"Ja, für größere Bestellungen bieten wir Musterexemplare zur Prüfung von Qualität und Farben."
Business,business,Wie lange dauert die Produktion von Business-Artikeln?,Die Produktionszeit beträgt je nach Artikel 2-4 Wochen. Express-Optionen sind verfügbar.
e-Sport,esport,Was umfasst Ihr eSport-Merchandise-Sortiment?,"Unser eSport-Sortiment umfasst Team-Trikots, Hoodies, Mousepads, Gaming-Handschuhe und Fan-Accessoires."
e-Sport,esport,Können eSport-Trikots mit Gamer-Tags bedruckt werden?,"Ja, alle eSport-Trikots können mit Gamer-Tags, Team-Logos und Sponsorenlogos personalisiert werden."
e-Sport,esport,Welche Designs sind für eSport-Merchandise möglich?,"Wir bieten vollflächigen Sublimationsdruck, sodass komplexe Gaming-Designs, Gradienten und detaillierte Grafiken möglich sind."
e-Sport,esport,Gibt es spezielle Angebote für eSport-Teams?,"Ja, wir bieten spezielle Team-Pakete für eSport-Organisationen mit einheitlichem Branding und Mengenrabatten."
Fanartikel,fanartikel,Welche Fanartikel können personalisiert werden?,"Wir personalisieren eine breite Palette an Fanartikeln: Schals, Mützen, Fahnen, Banner, Aufkleber und vieles mehr."
Fanartikel,fanartikel,Eignen sich die Fanartikel für den Stadionbesuch?,"Ja, alle unsere Fanartikel sind robust, witterungsbeständig und perfekt für den Einsatz im Stadion geeignet."
Fanartikel,fanartikel,Können Fanartikel mit Vereinslogos versehen werden?,"Ja, wir arbeiten mit vielen Vereinen zusammen und können offizielle Logos mit entsprechender Lizenz verarbeiten."
Fanartikel,fanartikel,Gibt es Mengenrabatte für Fan-Clubs?,"Ja, wir bieten attraktive Mengenrabatte für Fan-Clubs und Supporter-Gruppen. Kontaktieren Sie uns für ein Angebot."
Feldhockey,feldhockey,Welche Feldhockey-Produkte können Sie personalisieren?,"Wir personalisieren Feldhockey-Trikots, Trainingsanzüge, Socken, Handtücher und diverses Vereinszubehör."
Feldhockey,feldhockey,Sind die Feldhockey-Trikots wettkampftauglich?,"Ja, unsere Feldhockey-Trikots entsprechen den Anforderungen für den Spielbetrieb und sind aus robusten, atmungsaktiven Materialien gefertigt."
Feldhockey,feldhockey,Können Feldhockey-Socken mit Vereinsfarben gestaltet werden?,"Ja, wir fertigen Feldhockey-Socken in Ihren Vereinsfarben mit individuellen Mustern und Logos."
Feldhockey,feldhockey,Welche Mindestmengen gelten für Feldhockey-Artikel?,"Die Mindestbestellmenge variiert je nach Produkt, beginnt aber meist bei 20-50 Stück. Kontaktieren Sie uns für Details."
Fitness,fitness,Welche Fitness-Merchandise-Produkte bieten Sie an?,"Unser Fitness-Sortiment umfasst personalisierte Sportbekleidung, Handtücher, Trinkflaschen, Sporttaschen und Accessoires."
Fitness,fitness,Können Fitness-Studio-Logos auf Textilien gedruckt werden?,"Ja, wir personalisieren Fitness-Textilien mit Ihrem Studio-Logo, Slogans oder individuellen Designs."
Fitness,fitness,Welche Materialien eignen sich für Fitness-Bekleidung?,"Wir verwenden elastische, atmungsaktive Materialien mit Feuchtigkeitsmanagement für optimalen Tragekomfort beim Training."
Fitness,fitness,Bieten Sie Merchandise für Fitness-Studios an?,"Ja, wir bieten komplette Merchandise-Pakete für Fitness-Studios, inklusive Mitglieder-Willkommenssets und Verkaufsartikel."
Flaggen,flaggen,Welche Flaggen können Sie personalisieren?,"Wir personalisieren Schwenkfahnen, Stockfahnen, Hissfahnen, Bannerfahnen und Tischflaggen in allen Größen."
Flaggen,flaggen,Welche Drucktechniken werden für Flaggen verwendet?,Wir verwenden hochwertigen Sublimationsdruck für brillante Farben und beidseitig sichtbare Motive.
Flaggen,flaggen,Sind die Flaggen witterungsbeständig?,"Ja, unsere Flaggen bestehen aus UV-beständigem Polyestergewebe und sind für den Außeneinsatz geeignet."
Flaggen,flaggen,Welche Konfektionierung ist für Flaggen möglich?,"Wir bieten verschiedene Konfektionen: Hohlsaum, Karabiner, Ösen oder Schlaufen je nach Verwendungszweck."
Fußball,fussball,Was sind personalisierte Fußballartikel?,"Personalisierte Fußballartikel sind individuell gestaltete Produkte wie Schals, Trikots und Accessoires, die mit Ihrem Vereinslogo, Namen oder eigenen Designs bedruckt werden können."
Fußball,fussball,Welche Mindestbestellmenge gilt für Fußballartikel?,Die Mindestbestellmenge variiert je nach Produkt. Für die meisten Fußballartikel beginnt sie bei 50 Stück. Kontaktieren Sie uns für individuelle Anfragen.
Fußball,fussball,Wie lange dauert die Lieferung von personalisierten Fußballartikeln?,Die Produktionszeit beträgt in der Regel 3-4 Wochen nach Freigabe des Designs. Expresslieferung ist auf Anfrage möglich.
Fußball,fussball,Kann ich mein eigenes Design hochladen?,"Ja, Sie können Ihr eigenes Design hochladen. Wir unterstützen verschiedene Dateiformate und bieten auch kostenlose Designunterstützung an."
Fußballschals,fussballschals,Was macht einen hochwertigen Fußballschal aus?,"Hochwertige Fußballschals zeichnen sich durch Jacquard-Webtechnik, kräftige Farben und doppellagige Verarbeitung aus."
Fußballschals,fussballschals,Welche Designs sind für Fußballschals möglich?,"Wir fertigen Schals mit Vereinswappen, Fansprüchen, Spielernamen und komplexen Mustern in Ihren Vereinsfarben."
Fußballschals,fussballschals,Wie lange dauert die Produktion von Fußballschals?,Die Produktionszeit beträgt 3-4 Wochen nach Designfreigabe. Express-Produktion ist auf Anfrage möglich.
Fußballschals,fussballschals,Sind die Fußballschals waschbar?,"Ja, unsere Schals sind bei 30°C maschinenwaschbar und behalten auch nach mehrfachem Waschen ihre Qualität."
Golf,golf,Welche Golf-Merchandise-Produkte sind verfügbar?,"Unser Golf-Sortiment umfasst personalisierte Poloshirts, Caps, Handtücher, Schlägerhauben und diverses Golf-Zubehör."
Golf,golf,Können Golf-Caps mit Clublogo bestickt werden?,"Ja, wir bieten hochwertige Stickerei für Golf-Caps und andere Textilien mit Ihrem Clublogo oder individuellen Designs."
Golf,golf,Welche Qualität haben Ihre Golf-Poloshirts?,"Unsere Golf-Poloshirts bestehen aus hochwertigen, atmungsaktiven Materialien mit UV-Schutz und sind für den anspruchsvollen Golfer konzipiert."
Golf,golf,Bieten Sie Golf-Turnier-Pakete an?,"Ja, wir bieten spezielle Turnierpakete mit personalisierten Preisen, Teilnehmergeschenken und Sponsoring-Artikeln."
Handball,handball,Was umfasst Ihr Handball-Merchandise-Sortiment?,"Unser Handball-Sortiment umfasst personalisierte Trikots, Trainingsanzüge, Handtücher, Schals und diverses Vereinszubehör für Handballer."
Handball,handball,Können Handball-Trikots individuell gestaltet werden?,"Ja, alle Handball-Trikots können mit Vereinslogo, Spielernamen, Nummern und individuellen Designs personalisiert werden."
Handball,handball,Welche Größen sind für Handball-Bekleidung verfügbar?,Wir bieten alle Standardgrößen von XS bis 5XL an. Auch Kinder- und Jugendgrößen sind verfügbar.
Handball,handball,Gibt es Mengenrabatte für Handball-Vereine?,"Ja, wir bieten attraktive Mengenrabatte für Vereine und Teams. Kontaktieren Sie uns für ein individuelles Angebot."
Handtücher,handtucher,Welche Handtücher können personalisiert werden?,"Wir personalisieren Sport-, Strand-, Fitness- und Gästehandtücher in verschiedenen Größen und Qualitäten."
Handtücher,handtucher,Wie werden Handtücher bedruckt?,"Wir verwenden Reaktivdruck oder Sublimationsdruck für brillante, waschbeständige Farben und Designs."
Handtücher,handtucher,Welche Materialien werden für Handtücher verwendet?,Wir verwenden hochwertige Baumwolle und Mikrofaser in verschiedenen Grammaturen für optimale Saugfähigkeit.
Handtücher,handtucher,Sind personalisierte Handtücher waschbar?,"Ja, alle unsere Handtücher sind bei 60°C waschbar und trocknergeeignet ohne Qualitätsverlust."
Hergestellt in Europa,hergestellt-in-europa,"Was bedeutet ""Hergestellt in Europa""?","Diese Produkte werden vollständig in europäischen Produktionsstätten gefertigt, was kurze Lieferwege und hohe Qualitätsstandards garantiert."
Hergestellt in Europa,hergestellt-in-europa,Welche Vorteile bieten in Europa hergestellte Produkte?,"Europäische Produktion bedeutet kürzere Lieferzeiten, strenge Qualitätskontrollen und faire Arbeitsbedingungen."
Hergestellt in Europa,hergestellt-in-europa,Sind in Europa hergestellte Produkte teurer?,"Die Preise sind vergleichbar, da Transportkosten und Zölle entfallen. Qualität und Service sind oft besser."
Hergestellt in Europa,hergestellt-in-europa,Welche Zertifizierungen haben europäische Produkte?,"Unsere europäischen Produkte erfüllen EU-Standards und haben oft OEKO-TEX, GOTS oder ähnliche Zertifizierungen."
Kinder,kinder,Welche Kinder-Merchandise-Produkte bieten Sie an?,"Unser Kindersortiment umfasst Mini-Trikots, Kinder-Schals, Mützen, Rucksäcke und kindgerechte Fan-Artikel."
Kinder,kinder,Sind die Kinderprodukte sicher?,"Ja, alle Kinderprodukte erfüllen EU-Sicherheitsstandards und sind schadstoffgeprüft nach OEKO-TEX."
Kinder,kinder,Welche Größen sind für Kinder verfügbar?,Wir bieten Kindergrößen von 98 bis 164 sowie spezielle Baby- und Kleinkindgrößen.
Kinder,kinder,Können Kinder-Trikots mit Namen personalisiert werden?,"Ja, Kinder-Trikots können mit Namen, Nummern und kindgerechten Designs personalisiert werden."
Kleine Preise,kleine-preise,Was sind die günstigsten personalisierten Produkte?,"Zu unseren günstigsten Produkten gehören Aufkleber, Schlüsselanhänger, Armbänder und kleine Textilien."
Kleine Preise,kleine-preise,Für welchen Anlass eignen sich kleine Werbeartikel?,"Kleine Werbeartikel eignen sich für Messen, Events, Vereinsfeste und als Streuartikel."
Kleine Preise,kleine-preise,Gibt es Mengenrabatte für kleine Preisartikel?,"Ja, bei größeren Mengen bieten wir attraktive Staffelpreise für noch günstigere Stückkosten."
Kleine Preise,kleine-preise,Wie schnell können kleine Artikel produziert werden?,Viele kleine Artikel haben kurze Produktionszeiten von 1-2 Wochen.
Kopfbedeckung,kopfbedeckung,Welche Arten von Kopfbedeckungen bieten Sie an?,"Unser Sortiment umfasst Mützen, Caps, Beanies, Stirnbänder, Bandanas und Sonnenhüte in verschiedenen Stilen."
Kopfbedeckung,kopfbedeckung,Können Caps bestickt oder bedruckt werden?,"Ja, wir bieten sowohl hochwertige Stickerei als auch verschiedene Drucktechniken für Caps und andere Kopfbedeckungen."
Kopfbedeckung,kopfbedeckung,Welche Materialien werden für Mützen verwendet?,"Je nach Modell verwenden wir Acryl, Wolle, Baumwolle oder Funktionsmaterialien für optimalen Tragekomfort."
Kopfbedeckung,kopfbedeckung,Gibt es verschiedene Größen für Kopfbedeckungen?,"Ja, wir bieten Einheitsgrößen mit Verstellmöglichkeit sowie spezielle Kinder- und Erwachsenengrößen."
Laufen,laufen,Was bieten Sie für Laufsport-Merchandise an?,"Unser Laufsport-Sortiment umfasst Laufshirts, Stirnbänder, Armbänder, Medaillen-Displays und Event-Merchandise."
Laufen,laufen,Können Laufshirts für Marathon-Events personalisiert werden?,"Ja, wir bieten personalisierte Laufshirts für Marathons, Stadtläufe und Firmenläufe mit individuellen Designs."
Laufen,laufen,Welche Drucktechniken sind für Laufbekleidung geeignet?,"Für Laufbekleidung empfehlen wir Sublimationsdruck oder Flexdruck, die auch bei intensiver Belastung und häufigem Waschen haltbar sind."
Laufen,laufen,Gibt es spezielle Event-Pakete für Laufveranstaltungen?,"Ja, wir bieten komplette Event-Pakete mit Startnummern, Teilnehmer-Shirts, Medaillen und Sponsoring-Materialien."
Mode,mode,Welche Modeartikel können personalisiert werden?,"Wir personalisieren T-Shirts, Hoodies, Jacken, Accessoires und Lifestyle-Produkte mit individuellen Designs."
Mode,mode,Eignet sich personalisierte Mode als Merchandise?,"Ja, personalisierte Mode eignet sich perfekt als Band-Merchandise, Firmenkleidung oder Fan-Artikel."
Mode,mode,Welche Qualitätsstandards haben Ihre Modeartikel?,Wir verwenden hochwertige Textilien von renommierten Herstellern mit OEKO-TEX-Zertifizierung.
Mode,mode,Können kleine Auflagen produziert werden?,"Ja, dank Digitaldruck können wir auch Einzelstücke und kleine Auflagen wirtschaftlich produzieren."
Nachhaltigkeit,nachhaltigkeit,Was bedeutet Nachhaltigkeit bei Merchandise?,"Nachhaltiges Merchandise verwendet umweltfreundliche Materialien, faire Produktion und minimiert den ökologischen Fußabdruck."
Nachhaltigkeit,nachhaltigkeit,Welche nachhaltigen Materialien werden verwendet?,"Wir verwenden Bio-Baumwolle, recyceltes Polyester, Bambus, recycelte Kunststoffe und weitere nachhaltige Materialien."
Nachhaltigkeit,nachhaltigkeit,Sind nachhaltige Produkte zertifiziert?,"Ja, viele unserer nachhaltigen Produkte tragen Zertifikate wie GOTS, OEKO-TEX, Fair Trade oder GRS."
Nachhaltigkeit,nachhaltigkeit,Kosten nachhaltige Produkte mehr?,"Der Aufpreis ist oft gering, und die Investition in Nachhaltigkeit zahlt sich durch positive Markenwahrnehmung aus."
Personalisierte Mützen,personalisierte-mutzen,Wie werden personalisierte Mützen hergestellt?,"Personalisierte Mützen werden je nach Design gestrickt, bestickt oder mit Aufnähern versehen."
Personalisierte Mützen,personalisierte-mutzen,Können Mützen mit Vereinslogo bestickt werden?,"Ja, wir bieten hochwertige Stickerei mit bis zu 15 Farben für detaillierte Logos und Designs."
Personalisierte Mützen,personalisierte-mutzen,Welche Mützenmodelle sind verfügbar?,"Wir bieten Beanies, Bommelmützen, Strickmützen und verschiedene Cap-Modelle zur Personalisierung."
Personalisierte Mützen,personalisierte-mutzen,Was ist die Mindestbestellmenge für Mützen?,Die Mindestbestellmenge beginnt bei 25 Stück für bestickte Mützen und 50 Stück für gestrickte Modelle.
Personalisierte Sportbekleidung,personalisierte-sportbekleidung,Was umfasst personalisierte Sportbekleidung?,"Personalisierte Sportbekleidung umfasst Trikots, Trainingsanzüge, Shorts, Poloshirts und weitere Sportartikel mit individuellem Design."
Personalisierte Sportbekleidung,personalisierte-sportbekleidung,Welche Drucktechniken werden für Sportbekleidung verwendet?,"Wir verwenden Sublimationsdruck, Siebdruck, Flexdruck und Stickerei je nach Material und Designanforderung."
Personalisierte Sportbekleidung,personalisierte-sportbekleidung,Können Teams komplett ausgestattet werden?,"Ja, wir bieten komplette Team-Ausstattungen von Trikots über Trainingsanzüge bis zu Accessoires aus einer Hand."
Personalisierte Sportbekleidung,personalisierte-sportbekleidung,Wie läuft der Bestellprozess für Sportbekleidung ab?,"Nach Ihrer Anfrage erstellen wir einen Design-Entwurf, Sie geben frei, und nach 3-4 Wochen erhalten Sie Ihre Bestellung."
Personalisierte Textilien,personalisierte-textilien,Welche Textilien können personalisiert werden?,"Wir personalisieren T-Shirts, Hoodies, Jacken, Hemden, Schürzen und viele weitere Textilien."
Personalisierte Textilien,personalisierte-textilien,Welche Veredelungstechniken bieten Sie an?,"Wir bieten Siebdruck, Digitaldruck, Sublimation, Stickerei, Flex- und Flockdruck für verschiedene Effekte."
Personalisierte Textilien,personalisierte-textilien,Gibt es eine Mindestbestellmenge für Textilien?,"Die Mindestmenge hängt von der Technik ab: Ab 1 Stück bei Digitaldruck, ab 25 Stück bei Siebdruck."
Personalisierte Textilien,personalisierte-textilien,Können eigene Textilien veredelt werden?,"Ja, auf Anfrage veredeln wir auch von Ihnen bereitgestellte Textilien mit Ihrem Design."
Personalisierte Wimpel,personalisierte-wimpel,Was sind personalisierte Wimpel?,"Personalisierte Wimpel sind dreieckige oder rechteckige Stofffahnen mit Vereinslogo, Emblem oder individuellem Design."
Personalisierte Wimpel,personalisierte-wimpel,Welche Größen sind für Wimpel verfügbar?,Wir bieten Wimpel in verschiedenen Größen von klein (15x20 cm) bis groß (40x60 cm) für verschiedene Anwendungen.
Personalisierte Wimpel,personalisierte-wimpel,Wie werden Wimpel personalisiert?,"Wimpel können bedruckt, bestickt oder mit Applikationen versehen werden, je nach gewünschtem Effekt und Budget."
Personalisierte Wimpel,personalisierte-wimpel,Wofür werden Vereinswimpel verwendet?,"Vereinswimpel werden als Tauschgeschenke, Auszeichnungen, Dekoration und Sammlerstücke bei Sportveranstaltungen verwendet."
Radfahren,radfahren,Was umfasst Ihr Radsport-Merchandise?,"Unser Radsport-Sortiment umfasst personalisierte Trikots, Trinkflaschen, Caps, Handschuhe und diverses Fahrradzubehör."
Radfahren,radfahren,Können Radtrikots mit eigenem Design bedruckt werden?,"Ja, wir bieten vollflächigen Sublimationsdruck für Radtrikots an, sodass komplexe Designs ohne Einschränkungen möglich sind."
Radfahren,radfahren,Welche Materialien werden für Radtrikots verwendet?,"Wir verwenden technische Funktionsmaterialien mit Feuchtigkeitsmanagement, UV-Schutz und optimaler Aerodynamik."
Radfahren,radfahren,Gibt es Angebote für Radsportvereine?,"Ja, wir bieten attraktive Vereinspakete für Radsportclubs mit einheitlichem Teamdesign und Mengenrabatten."
Rugby,rugby,Welche Rugby-Produkte können personalisiert werden?,"Alle unsere Rugby-Produkte können personalisiert werden, darunter Trikots, Trainingsanzüge, Schals, Mützen und Vereinsaccessoires."
Rugby,rugby,Sind die Rugby-Trikots für den Spielbetrieb geeignet?,"Ja, unsere Rugby-Trikots sind aus robusten, strapazierfähigen Materialien gefertigt und für den harten Spielbetrieb konzipiert."
Rugby,rugby,Können Rugby-Schals mit Vereinsfarben gestaltet werden?,"Ja, wir fertigen Rugby-Schals in Ihren Vereinsfarben mit individuellen Mustern, Logos und Schriftzügen."
Rugby,rugby,Wie pflege ich personalisierte Rugby-Textilien?,"Wir empfehlen Maschinenwäsche bei 30°C, kein Bleichen und Trocknen bei niedriger Temperatur, um die Druckqualität zu erhalten."
Schuhwerk,schuhwerk,Können Sportschuhe personalisiert werden?,"Ja, wir bieten personalisierte Schnürsenkel, Schuhbeutel und auf Anfrage auch individuell gestaltete Schuhe."
Schuhwerk,schuhwerk,Welche Schuh-Accessoires können bedruckt werden?,"Wir personalisieren Schnürsenkel, Schuhbeutel, Einlegesohlen und Schuh-Clips mit Logos und Designs."
Schuhwerk,schuhwerk,Gibt es personalisierte Schuhe für Teams?,Auf Anfrage können wir Team-Schuhe mit einheitlichem Design und individuellen Spielernamen organisieren.
Schuhwerk,schuhwerk,Welche Mindestmengen gelten für Schuh-Accessoires?,Die Mindestbestellmenge für Schnürsenkel und kleine Accessoires beginnt bei 50 Stück.
Schulanfang,schulanfang,Welche Schulanfangs-Produkte können personalisiert werden?,"Wir personalisieren Schultüten-Zubehör, Turnbeutel, Trinkflaschen, Federmäppchen und Schulbedarf."
Schulanfang,schulanfang,Eignen sich die Produkte für Einschulungsgeschenke?,"Ja, personalisierte Schulanfangs-Artikel sind perfekte Geschenke für Einschulungsfeiern."
Schulanfang,schulanfang,Können Schullogos auf Produkten gedruckt werden?,"Ja, wir personalisieren Artikel mit Schullogos, Klassennamen und individuellen Designs."
Schulanfang,schulanfang,Wann sollten Schulanfangs-Artikel bestellt werden?,Für den Schulanfang im August/September empfehlen wir Bestellungen im Juni/Juli.
Sommer,sommer,Welche Sommer-Merchandise-Produkte bieten Sie an?,"Unser Sommer-Sortiment umfasst Caps, Sonnenhüte, Strandtücher, Trinkflaschen und leichte Sportbekleidung."
Sommer,sommer,Sind die Produkte UV-beständig?,"Ja, unsere Sommer-Textilien sind aus UV-beständigen Materialien gefertigt und bieten Sonnenschutz."
Sommer,sommer,Können Sommer-Artikel für Events personalisiert werden?,"Ja, wir bieten personalisierte Sommer-Artikel für Festivals, Sportveranstaltungen und Firmenevents."
Sommer,sommer,Welche Vorlaufzeit sollte für Sommer-Bestellungen eingeplant werden?,"Für Sommer-Saison empfehlen wir Bestellungen 6-8 Wochen im Voraus, um rechtzeitige Lieferung zu garantieren."
Taschen,taschen,Welche Taschen bieten Sie zur Personalisierung an?,"Unser Sortiment umfasst Sporttaschen, Rucksäcke, Turnbeutel, Kulturbeutel und Einkaufstaschen."
Taschen,taschen,Wie werden Taschen personalisiert?,"Taschen können bedruckt, bestickt oder mit aufgenähten Patches versehen werden."
Taschen,taschen,Welche Materialien werden für Sporttaschen verwendet?,"Wir verwenden robustes Polyester, Nylon oder Canvas für langlebige und pflegeleichte Sporttaschen."
Taschen,taschen,Gibt es verschiedene Größen für Sporttaschen?,"Ja, wir bieten Taschen von klein (Kulturbeutel) bis XXL (Teamtaschen) für verschiedene Anforderungen."
Team-Bekleidung,team-bekleidung,Was beinhaltet eine komplette Team-Ausstattung?,"Eine komplette Team-Ausstattung umfasst Trikots, Hosen, Trainingsanzüge, Aufwärm-Shirts und optionales Zubehör."
Team-Bekleidung,team-bekleidung,Können verschiedene Größen innerhalb eines Teams bestellt werden?,"Ja, wir bieten Größensets für Teams an, sodass jeder Spieler die passende Größe erhält."
Team-Bekleidung,team-bekleidung,Wie werden Spielernamen und -nummern aufgebracht?,"Namen und Nummern werden je nach Material mit Flexdruck, Flockdruck oder Sublimation aufgebracht."
Team-Bekleidung,team-bekleidung,Gibt es Nachbestellmöglichkeiten für neue Teammitglieder?,"Ja, Nachbestellungen sind möglich. Wir speichern Ihr Design für einfache Nachbestellungen."
Tifo,tifo,Was ist Tifo-Material?,"Tifo bezeichnet Choreografien in Fußballstadien. Wir liefern Fahnen, Banner, Schwenkfahnen und Konfetti dafür."
Tifo,tifo,Welche Tifo-Produkte können personalisiert werden?,"Wir fertigen personalisierte Blockfahnen, Zaunfahnen, Schwenkfahnen, Doppelhalter und Choreografie-Material."
Tifo,tifo,Wie groß können Tifo-Fahnen sein?,"Wir fertigen Fahnen in allen Größen, von kleinen Schwenkfahnen bis zu riesigen Blockfahnen für ganze Tribünen."
Tifo,tifo,Wie lange dauert die Produktion von Tifo-Material?,Die Produktionszeit beträgt je nach Umfang 2-4 Wochen. Für wichtige Spiele planen Sie bitte entsprechend.
Trinkflaschen,trinkflaschen,Welche Trinkflaschen können personalisiert werden?,"Wir personalisieren Sport-Trinkflaschen, Thermoflaschen und Shaker in verschiedenen Größen und Materialien."
Trinkflaschen,trinkflaschen,Wie werden Trinkflaschen bedruckt?,"Trinkflaschen werden mit haltbarem UV-Druck oder Siebdruck versehen, der spülmaschinenfest ist."
Trinkflaschen,trinkflaschen,Sind die Trinkflaschen BPA-frei?,"Ja, alle unsere Trinkflaschen sind BPA-frei und entsprechen den aktuellen Lebensmittelsicherheitsstandards."
Trinkflaschen,trinkflaschen,Welche Größen sind für Trinkflaschen verfügbar?,"Wir bieten Trinkflaschen von 0,5 Liter bis 1,5 Liter in verschiedenen Formen und Verschlussarten."
Volleyball,volleyball,Was bieten Sie für Volleyball-Teams an?,"Wir bieten komplette Volleyball-Ausstattungen an, darunter Trikots, Trainingsbekleidung, Knieschoner-Hüllen, Handtücher und Team-Accessoires."
Volleyball,volleyball,Können Volleyball-Trikots mit Teamnamen versehen werden?,"Ja, alle Volleyball-Trikots können mit Teamnamen, Spielernummern und individuellen Designs personalisiert werden."
Volleyball,volleyball,Welche Materialien eignen sich für Volleyball-Bekleidung?,"Wir verwenden leichte, atmungsaktive Materialien mit Feuchtigkeitsmanagement, die für intensive Bewegungen beim Volleyball optimiert sind."
Volleyball,volleyball,Gibt es spezielle Angebote für Volleyball-Vereine?,"Ja, wir bieten spezielle Vereinspakete und Mengenrabatte für Volleyball-Teams an. Fragen Sie nach unserem Vereinsangebot."
Weihnachten,weihnachten,Welche Weihnachts-Merchandise-Produkte bieten Sie an?,"Unser Weihnachtssortiment umfasst festliche Mützen, Schals, Socken, Adventskalender-Füllungen und Geschenkartikel."
Weihnachten,weihnachten,Können Weihnachtsartikel mit Firmenlogo versehen werden?,"Ja, wir personalisieren Weihnachtsartikel für Firmengeschenke mit Ihrem Logo und weihnachtlichen Designs."
Weihnachten,weihnachten,Bis wann müssen Weihnachtsbestellungen eingehen?,Für garantierte Lieferung vor Weihnachten empfehlen wir Bestellungen bis Mitte November.
Weihnachten,weihnachten,Gibt es spezielle Weihnachtspakete?,"Ja, wir bieten fertige Weihnachtspakete für Firmen und Vereine mit verschiedenen Produktkombinationen."
Werbegeschenke,werbegeschenke,Welche Werbegeschenke können personalisiert werden?,"Wir personalisieren Kugelschreiber, USB-Sticks, Notizblöcke, Taschen, Textilien und viele weitere Werbeartikel."
Werbegeschenke,werbegeschenke,Welche Drucktechniken eignen sich für Werbegeschenke?,"Je nach Produkt verwenden wir Tampondruck, Siebdruck, Lasergravur oder Digitaldruck."
Werbegeschenke,werbegeschenke,Gibt es günstige Werbegeschenke für große Mengen?,"Ja, wir bieten Streuartikel und Give-aways in großen Mengen zu attraktiven Staffelpreisen."
Werbegeschenke,werbegeschenke,Können Werbegeschenke nachhaltig produziert werden?,"Ja, wir bieten nachhaltige Alternativen aus recycelten oder ökologischen Materialien."
Winter,winter,Welche Winter-Merchandise-Produkte sind verfügbar?,"Unser Winter-Sortiment umfasst Mützen, Schals, Handschuhe, Fleecejacken und Thermobekleidung."
Winter,winter,Sind die Winter-Textilien für kalte Temperaturen geeignet?,"Ja, unsere Winter-Textilien bestehen aus wärmenden Materialien wie Fleece, Wolle und Thermo-Stoffen."
Winter,winter,Können Winter-Artikel mit Vereinslogo versehen werden?,"Ja, alle Winter-Artikel können mit Stickerei oder Druck Ihres Vereinslogos personalisiert werden."
Winter,winter,Wann sollten Winter-Artikel bestellt werden?,"Für die Winter-Saison empfehlen wir Bestellungen im Spätsommer, um rechtzeitig liefern zu können."
Zubehör,zubehor,Welches Zubehör können Sie personalisieren?,"Wir personalisieren Schlüsselanhänger, Armbänder, Pins, Aufnäher, Aufkleber und diverses Kleinzubehör."
Zubehör,zubehor,Wie werden kleine Zubehörartikel bedruckt?,"Je nach Material verwenden wir Siebdruck, UV-Druck, Lasergravur oder Prägung für kleine Artikel."
Zubehör,zubehor,Eignet sich Zubehör als Werbegeschenk?,"Ja, personalisiertes Zubehör ist ideal als Werbegeschenk, Vereinsmerchandise oder Event-Giveaway."
Zubehör,zubehor,Welche Mindestmengen gelten für Zubehörartikel?,"Die Mindestmengen variieren: Aufkleber ab 100 Stück, Pins ab 50 Stück, Schlüsselanhänger ab 25 Stück."
